Manufacturer, Model, Username, Password, Notes
Zmodo, H9104V, admin, 111111,
Zmodo, H9104V, admin, 888888,
Zmodo, H9108V, admin, 111111,
Zmodo, H9108V, admin, 888888,
Zmodo, ZMD-DD-SBN4, admin, 111111,
Zmodo, ZMD-DD-SBN4, admin, 888888,
Zmodo, ZMD-DD-SBN6, admin, 111111,
Zmodo, ZMD-DD-SBN6, admin, 888888,
Zmodo, ZMD-DD-SBN8, admin, 111111,
Zmodo, ZMD-DD-SBN8, admin, 888888,
Zmodo, H8104UV, admin, 666666,
Zmodo, H8106UV, admin, 666666,
Zmodo, H8108UV, admin, 666666,
Zmodo, H8114UV, admin, 666666,
Zmodo, H8116UV, admin, 666666,
Zmodo, H8118UV, admin, 666666,
Zmodo, ZMD-DT-SFN6, admin,,
Zmodo, ZMD-DT-SFN6, admin, 111111,
Zmodo, ZMD-DT-SFN6, admin,,
Zmodo, ZMD-DT-SCN4, admin, 111111,
Zmodo, ZMD-DT-SCN4, admin,,
Zmodo, ZMD-DT-SCN8, admin, 111111,
Zmodo, ZMD-DT-SCN8, admin,,
Zmodo, ZMD-DH-SEN6, admin, 111111,
Zmodo, ZMD-DH-SEN6, admin,,
Zmodo, ZMD-NV-SBN4, admin, 111111,
Zmodo, ZH-NA04-W, admin, 111111,
Zmodo, ZP-NC14-P, admin, 111111,
